0000000000000001,점심 단품,16000
0000000000000001,점심 단품,34000
0000000000000002,세트,75000
0000000000000002,세트,150000
0000000000000003,점심 단품,35000
0000000000000003,저녁 세트,99000
0000000000000004,점심 단품,8000
0000000000000004,저녁 단품,88000
0000000000000005,점심 세트,45000
0000000000000005,단품,141000
0000000000000006,단품,45000
0000000000000006,단품,100000
0000000000000007,점심 세트,150000
0000000000000007,저녁 세트,300000
0000000000000008,점심 세트,52000
0000000000000008,단품,213000
0000000000000009,점심 단품,9000
0000000000000009,저녁 세트,860000
0000000000000010,점심 세트,50000
0000000000000010,저녁 세트,100000
0000000000000011,점심 단품,42000
0000000000000011,저녁 세트,400000
0000000000000012,점심 단품,44000
0000000000000012,저녁 단품,96000
0000000000000013,점심 세트,39000
0000000000000013,저녁 세트,13000
0000000000000014,점심 세트,30000
0000000000000014,세트,250000
0000000000000015,점심 세트,45000
0000000000000015,저녁 세트,120000
0000000000000016,단품,67000
0000000000000016,단품,115000
0000000000000017,단품,64000
0000000000000017,단품,137000
0000000000000018,점심 세트,30000
0000000000000018,단품,137000
0000000000000019,단품,39000
0000000000000019,단품,61000
0000000000000020,점심 세트,14000
0000000000000020,단품,64000
0000000000000021,단품,43000
0000000000000021,단품,65000
0000000000000022,점심 단품,64000
0000000000000022,저녁 단품,126000
0000000000000023,단품,42000
0000000000000023,단품,68000
0000000000000024,저녁 단품,70000
0000000000000024,저녁 단품,115000
0000000000000025,점심 세트,120000
0000000000000025,저녁 세트,230000
0000000000000026,점심 세트,45000
0000000000000026,저녁 세트,128000
0000000000000027,단품,9000
0000000000000027,단품,45000
0000000000000028,점심 단품,45000
0000000000000028,저녁 단품,100000
0000000000000029,단품,30000
0000000000000029,단품,350000
0000000000000030,점심 세트,75000
0000000000000030,저녁 세트,230000
0000000000000031,단품,25000
0000000000000031,저녁 세트,65000
0000000000000032,단품,14000
0000000000000032,저녁 세트,180000
0000000000000033,단품,15000
0000000000000033,단품,50000
0000000000000034,단품,70000
0000000000000034,저녁 세트,360000
0000000000000035,점심 단품,14400
0000000000000035,저녁 세트,240000
0000000000000036,단품,10000
0000000000000036,단품,107000
0000000000000037,단품,13000
0000000000000037,단품,114000
0000000000000038,세트,43000
0000000000000038,저녁 세트,100000
0000000000000039,단품,9000
0000000000000039,단품,88000
0000000000000040,단품,56000
0000000000000040,단품,228000
0000000000000041,단품,31000
0000000000000041,단품,124000
0000000000000042,단품,46000
0000000000000042,단품,131000
0000000000000043,단품,8500
0000000000000043,단품,32000
0000000000000044,단품,34400
0000000000000044,단품,53400
0000000000000045,점심 세트,39000
0000000000000045,단품,128000
0000000000000046,점심 단품,11000
0000000000000046,단품,143000
0000000000000047,단품,15000
0000000000000047,단품,43000
0000000000000048,점심 세트,39000
0000000000000048,저녁 세트,88000
0000000000000049,점심 세트,49000
0000000000000049,저녁 세트,115000
0000000000000050,점심 세트,66000
0000000000000050,저녁 세트,160000
0000000000000051,단품,18000
0000000000000051,단품,30000
0000000000000052,점심 단품,85000
0000000000000052,저녁 세트,130000
0000000000000053,점심 세트,150000
0000000000000053,저녁 세트,300000
0000000000000054,점심 세트,60000
0000000000000054,저녁 세트,230000
0000000000000055,점심 세트,45000
0000000000000055,저녁 세트,200000
0000000000000056,점심 세트,50000
0000000000000056,저녁 세트,150000
0000000000000057,점심 세트,150000
0000000000000057,저녁 세트,250000
0000000000000058,단품,40000
0000000000000058,단품,320000
0000000000000059,점심 세트,65000
0000000000000059,저녁 세트,190000
0000000000000060,단품,70000
0000000000000060,세트,138000
0000000000000061,점심 세트,45000
0000000000000061,저녁 세트,132000
0000000000000062,단품,29000
0000000000000062,단품,64000
0000000000000063,점심 단품,52000
0000000000000063,저녁 단품,180000
0000000000000064,점심 단품,80000
0000000000000064,저녁 단품,135000
0000000000000065,점심 단품,8000
0000000000000065,저녁 단품,14000
0000000000000066,단품,38000
0000000000000066,세트,250000
0000000000000067,단품,11000
0000000000000067,단품,65000
0000000000000068,세트,21000
0000000000000068,저녁 세트,160000
0000000000000069,단품,48000
0000000000000069,단품,120000
0000000000000070,단품,11000
0000000000000070,단품,70000
0000000000000071,점심 세트,69000
0000000000000071,저녁 세트,20000
0000000000000072,점심 단품,17000
0000000000000072,단품,82000
0000000000000073,점심 세트,60000
0000000000000073,저녁 세트,300000
0000000000000074,단품,23000
0000000000000074,단품,28000
0000000000000075,단품,24000
0000000000000075,단품,75000
0000000000000076,단품,11000
0000000000000076,저녁 세트,55000
0000000000000077,점심 세트,59000
0000000000000077,저녁 세트,160000
0000000000000078,단품,38000
0000000000000078,단품,38000
0000000000000079,단품,6000
0000000000000079,단품,7000
0000000000000080,점심 세트,55000
0000000000000080,저녁 세트,13000
0000000000000081,단품,20000
0000000000000081,단품,95000
0000000000000082,단품,15000
0000000000000082,단품,49000
0000000000000083,점심 세트,97000
0000000000000083,단품,336000
0000000000000084,단품,9000
0000000000000084,세트,77000
0000000000000085,점심 세트,29000
0000000000000085,세트,120000
0000000000000086,점심 세트,38000
0000000000000086,저녁 세트,150000
0000000000000087,점심 세트,58000
0000000000000087,저녁 세트,300000
0000000000000088,점심 세트,90000
0000000000000088,저녁 세트,200000
0000000000000089,점심 세트,45000
0000000000000089,단품,168000
0000000000000090,단품,39000
0000000000000090,단품,62000
0000000000000091,단품,46000
0000000000000091,단품,125000
0000000000000092,점심 세트,41800
0000000000000092,저녁 세트,71500
0000000000000093,세트,150000
0000000000000093,세트,150000
0000000000000094,단품,12000
0000000000000094,단품,90000
0000000000000095,세트,45000
0000000000000095,세트,95000
0000000000000096,단품,9000
0000000000000096,저녁 세트,70000
0000000000000097,단품,35000
0000000000000097,단품,280000
0000000000000098,점심 단품,8000
0000000000000098,단품,42000
0000000000000099,단품,17000
0000000000000099,단품,200000
0000000000000100,단품,80000
0000000000000100,저녁 세트,385000
0000000000000101,단품,36000
0000000000000101,단품,50000
0000000000000102,점심 단품,11000
0000000000000102,점심 세트,18000
0000000000000103,단품,8000
0000000000000103,단품,34000
0000000000000104,단품,85000
0000000000000104,단품,56000
0000000000000105,단품,7000
0000000000000105,단품,13000
0000000000000106,단품,24000
0000000000000106,단품,28000
0000000000000107,단품,7000
0000000000000107,단품,16000
0000000000000108,단품,12000
0000000000000108,단품,12000
0000000000000109,점심 단품,11000
0000000000000109,세트,55000
0000000000000110,점심 단품,10000
0000000000000110,단품,80000
0000000000000111,점심 단품,11000
0000000000000111,단품,100000
0000000000000112,점심 단품,12000
0000000000000112,단품,25000
0000000000000113,단품,14000
0000000000000113,단품,55000
0000000000000114,단품,10000
0000000000000114,단품,60000
0000000000000115,점심 단품,6000
0000000000000115,저녁 단품,53000
0000000000000116,단품,8000
0000000000000116,단품,18000
0000000000000117,단품,8000
0000000000000117,단품,43000
0000000000000118,단품,11000
0000000000000118,단품,38000
0000000000000119,단품,90000
0000000000000119,단품,41000
0000000000000120,단품,85000
0000000000000120,단품,15000
0000000000000121,단품,7000
0000000000000121,단품,15000
0000000000000122,단품,10000
0000000000000122,단품,43000
0000000000000123,단품,8000
0000000000000123,단품,35000
0000000000000124,단품,13000
0000000000000124,단품,80000
0000000000000125,단품,12000
0000000000000125,단품,25000
0000000000000126,단품,6000
0000000000000126,단품,68000
0000000000000127,점심 단품,7000
0000000000000127,저녁단품,120000
0000000000000128,단품,8000
0000000000000128,단품,180000
0000000000000129,점심 단품,8000
0000000000000129,단품,18000
0000000000000130,단품,14000
0000000000000130,단품,21000
0000000000000131,단품,8000
0000000000000131,단품,25000
0000000000000132,점심 단품,9000
0000000000000132,단품,45000
0000000000000133,단품,7000
0000000000000133,단품,38000
0000000000000134,점심 단품,7000
0000000000000134,단품,35000
0000000000000135,단품,8000
0000000000000135,단품,10000
0000000000000136,단품,10000
0000000000000136,단품,20000
0000000000000137,점심 단품,11000
0000000000000137,저녁 단품,65000
0000000000000138,점심 세트,60000
0000000000000138,저녁 세트,135000
0000000000000139,단품,12000
0000000000000139,단품,40000
0000000000000140,단품,65000
0000000000000140,단품,15000
0000000000000141,단품,9000
0000000000000141,단품,10000
0000000000000142,단품,8000
0000000000000142,저녁 세트,70000
0000000000000143,단품,15000
0000000000000143,단품,84000
0000000000000144,단품,90000
0000000000000144,단품,30000
0000000000000145,저녁 단품,9000
0000000000000145,저녁 세트,53000
0000000000000146,단품,8000
0000000000000146,단품,36000
0000000000000147,단품,65000
0000000000000147,단품,54000
0000000000000148,단품,10000
0000000000000148,단품,40000
0000000000000149,단품,11000
0000000000000149,단품,35000
0000000000000150,단품,28000
0000000000000150,단품,35000
0000000000000151,점심 세트,100000
0000000000000151,저녁 세트,250000
0000000000000152,단품,11000
0000000000000152,단품,32000
0000000000000153,단품,17000
0000000000000153,단품,35000
0000000000000154,점심 세트,58000
0000000000000154,저녁 세트,220000
0000000000000155,단품,75000
0000000000000155,단품,40000
0000000000000156,단품,11000
0000000000000156,단품,27000
0000000000000157,단품,11000
0000000000000157,세트,66000
0000000000000158,단품,25000
0000000000000158,단품,30000
0000000000000159,단품,8000
0000000000000159,단품,35000
0000000000000160,점심 단품,7000
0000000000000160,단품,65000
0000000000000161,단품,9000
0000000000000161,단품,53000
0000000000000162,점심 단품,5000
0000000000000162,저녁 단품,10000
0000000000000163,점심 세트,75000
0000000000000163,저녁 세트,150000
0000000000000164,점심 세트,50000
0000000000000164,저녁 세트,130000
0000000000000165,점심 세트,55000
0000000000000165,저녁 세트,150000
0000000000000166,세트,240000
0000000000000166,새트,240000
0000000000000167,점심 세트,60000
0000000000000167,저녁 세트,125000
0000000000000168,점심 세트,30000
0000000000000168,저녁 세트,95000
0000000000000169,점심 세트,70000
0000000000000169,세트,190000
0000000000000170,점심 세트,65000
0000000000000170,저녁 세트,145000
0000000000000171,점심 세트,75000
0000000000000171,저녁 세트,248000
0000000000000172,단품,60000
0000000000000172,단품,270000
0000000000000173,점심 세트,150000
0000000000000173,저녁 세트,500000
0000000000000174,점심 세트,50000
0000000000000174,저녁 세트,100000
0000000000000175,점심 세트,55000
0000000000000175,저녁 세트,110000
0000000000000176,단품,18500
0000000000000176,단품,75000
0000000000000177,점심 세트,50000
0000000000000177,저녁 세트,100000
0000000000000178,세트,80850
0000000000000178,세트,231000
0000000000000179,점심 세트,60000
0000000000000179,저녁 세트,120000
0000000000000180,점심 세트,66000
0000000000000180,저녁 세트,185000
0000000000000181,점심 세트,75000
0000000000000181,저녁 세트,150000
0000000000000182,점심 세트,60000
0000000000000182,저녁 세트,138000
0000000000000183,점심 세트,66000
0000000000000183,저녁 세트,200000
0000000000000184,점심 세트,200000
0000000000000184,저녁 세트,380000
0000000000000185,저녁 세트,220000
0000000000000185,저녁 세트,290000
0000000000000186,점심 세트,103000
0000000000000186,저녁 세트,270000